date,invoice_no,customer_id,customer,city,plan,seats,subtotal_inr,gst_inr,total_inr,channel
2026-07-01,LDG-2026-00359,1037,Saxena Hardware,Kolkata,starter,2,998.00,179.64,1177.64,self-serve
2026-07-02,LDG-2026-00360,1025,Patel Caterers,Bengaluru,scale,27,53973.00,9715.14,63688.14,self-serve
2026-07-02,LDG-2026-00361,1063,Nair Textiles,Mumbai,scale,24,47976.00,8635.68,56611.68,sales
2026-07-03,LDG-2026-00362,1064,Kulkarni Tutorials,Mumbai,growth,10,9990.00,1798.20,11788.20,self-serve
2026-07-04,LDG-2026-00363,1045,Singh Clinics,Bengaluru,starter,5,2495.00,449.10,2944.10,partner
2026-07-04,LDG-2026-00364,1062,Khan Exports,Chennai,starter,1,499.00,89.82,588.82,sales
2026-07-05,LDG-2026-00365,1003,Hegde Exports,Bengaluru,growth,9,8991.00,1618.38,10609.38,sales
2026-07-05,LDG-2026-00366,1015,Menon Electricals,Bengaluru,starter,3,1497.00,269.46,1766.46,sales
2026-07-05,LDG-2026-00368,1069,Kapoor Electricals,Delhi,growth,25,24975.00,4495.50,29470.50,sales
2026-07-05,LDG-2026-00369,1072,Nair Motors,Hyderabad,starter,3,1497.00,269.46,1766.46,partner
2026-07-05,LDG-2026-00370,1077,Bose Agro,Bengaluru,growth,25,24975.00,4495.50,29470.50,self-serve
2026-07-06,LDG-2026-00371,1001,Joshi Pharma,Delhi,growth,24,23976.00,4315.68,28291.68,sales
2026-07-06,LDG-2026-00372,1052,Agarwal Opticals,Mumbai,scale,11,21989.00,3958.02,25947.02,partner
2026-07-06,LDG-2026-00373,1053,Iyer Enterprises,Hyderabad,starter,3,1497.00,269.46,1766.46,self-serve
2026-07-06,LDG-2026-00374,1066,Das Traders,Ahmedabad,growth,8,7992.00,1438.56,9430.56,self-serve
2026-07-07,LDG-2026-00375,1047,Joshi Exports,Chennai,starter,1,499.00,89.82,588.82,partner
2026-07-08,LDG-2026-00376,1026,Chopra Jewellers,Mumbai,starter,1,499.00,89.82,588.82,self-serve
2026-07-08,LDG-2026-00377,1040,Pillai Electricals,Pune,starter,2,998.00,179.64,1177.64,sales
2026-07-08,LDG-2026-00378,1048,Kulkarni Clinics,Hyderabad,starter,2,998.00,179.64,1177.64,self-serve
2026-07-11,LDG-2026-00380,1078,Shetty Exports,Mumbai,scale,28,55972.00,10074.96,66046.96,self-serve
2026-07-12,LDG-2026-00381,1002,Khan Foods,Bengaluru,scale,10,19990.00,3598.20,23588.20,sales
2026-07-12,LDG-2026-00382,1023,Iyer Hardware,Bengaluru,starter,5,2495.00,449.10,2944.10,self-serve
2026-07-12,LDG-2026-00383,1027,Das Textiles,Bengaluru,growth,3,2997.00,539.46,3536.46,self-serve
2026-07-12,LDG-2026-00384,1039,Shetty Foods,Delhi,growth,21,20979.00,3776.22,24755.22,self-serve
2026-07-12,LDG-2026-00385,1051,Chopra Textiles,Bengaluru,starter,5,2495.00,449.10,2944.10,self-serve
2026-07-12,LDG-2026-00386,1075,Mehta Constructions,Bengaluru,starter,5,2495.00,449.10,2944.10,self-serve
2026-07-13,LDG-2026-00387,1005,Chopra Traders,Mumbai,starter,2,998.00,179.64,1177.64,sales
2026-07-13,LDG-2026-00388,1079,Hegde Logistics,Delhi,starter,1,499.00,89.82,588.82,self-serve
2026-07-13,LDG-2026-00389,1081,Bose Caterers,Hyderabad,starter,3,1497.00,269.46,1766.46,sales
2026-07-13,LDG-2026-00390,1085,Kapoor Textiles,Bengaluru,starter,5,2495.00,449.10,2944.10,self-serve
2026-07-14,LDG-2026-00391,1011,Bose Textiles,Hyderabad,starter,1,499.00,89.82,588.82,self-serve
2026-07-14,LDG-2026-00392,1042,Sharma Traders,Delhi,growth,12,11988.00,2157.84,14145.84,sales
2026-07-15,LDG-2026-00393,1029,Verma Enterprises,Delhi,growth,12,11988.00,2157.84,14145.84,sales
2026-07-16,LDG-2026-00394,1009,Kulkarni Foods,Kolkata,starter,4,1996.00,359.28,2355.28,sales
2026-07-16,LDG-2026-00395,1054,Reddy Agro,Bengaluru,starter,5,2495.00,449.10,2944.10,self-serve
2026-07-16,LDG-2026-00396,1088,Pillai Enterprises,Ahmedabad,scale,41,81959.00,14752.62,96711.62,partner
2026-07-17,LDG-2026-00397,1010,Pillai Agro,Bengaluru,growth,19,18981.00,3416.58,22397.58,self-serve
2026-07-17,LDG-2026-00398,1019,Gupta Caterers,Mumbai,scale,30,59970.00,10794.60,70764.60,self-serve
2026-07-17,LDG-2026-00399,1080,Bose Opticals,Pune,starter,5,2495.00,449.10,2944.10,self-serve
2026-07-17,LDG-2026-00400,1084,Verma Electricals,Delhi,starter,2,998.00,179.64,1177.64,partner
2026-07-18,LDG-2026-00401,1008,Gupta Textiles,Chennai,growth,9,8991.00,1618.38,10609.38,sales
2026-07-18,LDG-2026-00402,1061,Nair Tutorials,Chennai,growth,17,16983.00,3056.94,20039.94,partner
2026-07-19,LDG-2026-00403,1013,Singh Enterprises,Bengaluru,starter,4,1996.00,359.28,2355.28,sales
2026-07-21,LDG-2026-00404,1034,Nair Constructions,Mumbai,starter,3,1497.00,269.46,1766.46,sales
2026-07-21,LDG-2026-00405,1060,Kulkarni Jewellers,Mumbai,scale,46,91954.00,16551.72,108505.72,partner
2026-07-21,LDG-2026-00406,1074,Patel Clinics,Delhi,starter,1,499.00,89.82,588.82,partner
2026-07-21,LDG-2026-00407,1082,Pillai Pharma,Delhi,growth,11,10989.00,1978.02,12967.02,self-serve
2026-07-22,LDG-2026-00408,1004,Singh Studios,Ahmedabad,starter,4,1996.00,359.28,2355.28,partner
2026-07-22,LDG-2026-00409,1028,Agarwal Hardware,Bengaluru,scale,15,29985.00,5397.30,35382.30,sales
2026-07-22,LDG-2026-00410,1035,Reddy Exports,Hyderabad,starter,4,1996.00,359.28,2355.28,self-serve
2026-07-22,LDG-2026-00411,1044,Verma Exports,Bengaluru,growth,14,13986.00,2517.48,16503.48,partner
2026-07-22,LDG-2026-00412,1055,Singh Pharma,Bengaluru,starter,1,499.00,89.82,588.82,sales
2026-07-22,LDG-2026-00413,1090,Gupta Electricals,Bengaluru,starter,2,998.00,179.64,1177.64,self-serve
2026-07-23,LDG-2026-00414,1089,Pillai Caterers,Mumbai,starter,5,2495.00,449.10,2944.10,sales
2026-07-24,LDG-2026-00415,1021,Singh Tutorials,Delhi,scale,15,29985.00,5397.30,35382.30,self-serve
2026-07-24,LDG-2026-00416,1068,Reddy Caterers,Ahmedabad,starter,5,2495.00,449.10,2944.10,self-serve
2026-07-25,LDG-2026-00417,1016,Singh Motors,Hyderabad,starter,2,998.00,179.64,1177.64,partner
2026-07-25,LDG-2026-00418,1024,Joshi Tutorials,Hyderabad,growth,5,4995.00,899.10,5894.10,sales
2026-07-25,LDG-2026-00419,1033,Rao Textiles,Bengaluru,scale,13,25987.00,4677.66,30664.66,self-serve
2026-07-25,LDG-2026-00420,1065,Menon Logistics,Bengaluru,growth,14,13986.00,2517.48,16503.48,self-serve
2026-07-26,LDG-2026-00421,1012,Agarwal Exports,Chennai,starter,5,2495.00,449.10,2944.10,self-serve
2026-07-26,LDG-2026-00422,1067,Das Tutorials,Delhi,scale,33,65967.00,11874.06,77841.06,sales
2026-07-26,LDG-2026-00423,1070,Menon Hardware,Delhi,starter,3,1497.00,269.46,1766.46,self-serve
2026-07-27,LDG-2026-00424,1030,Reddy Textiles,Chennai,starter,1,499.00,89.82,588.82,self-serve
2026-07-27,LDG-2026-00425,1036,Pillai Logistics,Hyderabad,starter,3,1497.00,269.46,1766.46,sales
2026-07-28,LDG-2026-00426,1007,Banerjee Opticals,Pune,starter,5,2495.00,449.10,2944.10,partner
2026-07-28,LDG-2026-00427,1014,Reddy Electricals,Pune,starter,4,1996.00,359.28,2355.28,self-serve
2026-07-28,LDG-2026-00428,1017,Joshi Agro,Bengaluru,growth,15,14985.00,2697.30,17682.30,self-serve
2026-07-28,LDG-2026-00429,1038,Sharma Motors,Chennai,growth,7,6993.00,1258.74,8251.74,self-serve
2026-07-28,LDG-2026-00430,1049,Bose Exports,Pune,starter,4,1996.00,359.28,2355.28,self-serve
2026-07-28,LDG-2026-00431,1059,Kulkarni Pharma,Mumbai,growth,14,13986.00,2517.48,16503.48,self-serve
2026-07-28,LDG-2026-00432,1073,Das Exports,Hyderabad,starter,2,998.00,179.64,1177.64,self-serve
2026-08-01,LDG-2026-00433,1037,Saxena Hardware,Kolkata,starter,2,998.00,179.64,1177.64,self-serve
2026-08-02,LDG-2026-00434,1025,Patel Caterers,Bengaluru,scale,27,53973.00,9715.14,63688.14,self-serve
2026-08-02,LDG-2026-00435,1063,Nair Textiles,Mumbai,scale,24,47976.00,8635.68,56611.68,sales
2026-08-02,LDG-2026-00436,1083,Nair Caterers,Bengaluru,growth,8,7992.00,1438.56,9430.56,self-serve
2026-08-03,LDG-2026-00437,1064,Kulkarni Tutorials,Mumbai,growth,10,9990.00,1798.20,11788.20,self-serve
2026-08-04,LDG-2026-00438,1045,Singh Clinics,Bengaluru,starter,5,2495.00,449.10,2944.10,partner
2026-08-04,LDG-2026-00439,1046,Sharma Studios,Chennai,growth,3,2997.00,539.46,3536.46,partner
2026-08-04,LDG-2026-00440,1062,Khan Exports,Chennai,starter,1,499.00,89.82,588.82,sales
2026-08-05,LDG-2026-00441,1003,Hegde Exports,Bengaluru,growth,9,8991.00,1618.38,10609.38,sales
2026-08-05,LDG-2026-00442,1015,Menon Electricals,Bengaluru,starter,3,1497.00,269.46,1766.46,sales
2026-08-05,LDG-2026-00443,1056,Patel Enterprises,Bengaluru,growth,22,21978.00,3956.04,25934.04,self-serve
2026-08-05,LDG-2026-00444,1069,Kapoor Electricals,Delhi,growth,25,24975.00,4495.50,29470.50,sales
2026-08-05,LDG-2026-00445,1072,Nair Motors,Hyderabad,starter,3,1497.00,269.46,1766.46,partner
2026-08-05,LDG-2026-00446,1077,Bose Agro,Bengaluru,growth,25,24975.00,4495.50,29470.50,self-serve
2026-08-06,LDG-2026-00447,1001,Joshi Pharma,Delhi,growth,24,23976.00,4315.68,28291.68,sales
2026-08-06,LDG-2026-00448,1032,Verma Motors,Delhi,starter,4,1996.00,359.28,2355.28,self-serve
2026-08-06,LDG-2026-00449,1052,Agarwal Opticals,Mumbai,scale,11,21989.00,3958.02,25947.02,partner
2026-08-06,LDG-2026-00450,1053,Iyer Enterprises,Hyderabad,starter,3,1497.00,269.46,1766.46,self-serve
2026-08-06,LDG-2026-00451,1066,Das Traders,Ahmedabad,growth,8,7992.00,1438.56,9430.56,self-serve
2026-08-07,LDG-2026-00452,1047,Joshi Exports,Chennai,starter,1,499.00,89.82,588.82,partner
2026-08-08,LDG-2026-00453,1026,Chopra Jewellers,Mumbai,starter,1,499.00,89.82,588.82,self-serve
2026-08-08,LDG-2026-00454,1040,Pillai Electricals,Pune,starter,2,998.00,179.64,1177.64,sales
2026-08-08,LDG-2026-00455,1048,Kulkarni Clinics,Hyderabad,starter,2,998.00,179.64,1177.64,self-serve
2026-08-09,LDG-2026-00456,1022,Khan Tutorials,Delhi,starter,1,499.00,89.82,588.82,self-serve
2026-08-10,LDG-2026-00457,1087,Shetty Hardware,Hyderabad,starter,4,1996.00,359.28,2355.28,partner
2026-08-11,LDG-2026-00458,1078,Shetty Exports,Mumbai,scale,28,55972.00,10074.96,66046.96,self-serve
2026-08-12,LDG-2026-00459,1002,Khan Foods,Bengaluru,scale,10,19990.00,3598.20,23588.20,sales
2026-08-12,LDG-2026-00460,1023,Iyer Hardware,Bengaluru,starter,5,2495.00,449.10,2944.10,self-serve
2026-08-12,LDG-2026-00461,1027,Das Textiles,Bengaluru,growth,3,2997.00,539.46,3536.46,self-serve
2026-08-12,LDG-2026-00462,1039,Shetty Foods,Delhi,growth,21,20979.00,3776.22,24755.22,self-serve
2026-08-12,LDG-2026-00463,1051,Chopra Textiles,Bengaluru,starter,5,2495.00,449.10,2944.10,self-serve
2026-08-12,LDG-2026-00464,1075,Mehta Constructions,Bengaluru,starter,5,2495.00,449.10,2944.10,self-serve
2026-08-13,LDG-2026-00465,1005,Chopra Traders,Mumbai,starter,2,998.00,179.64,1177.64,sales
2026-08-13,LDG-2026-00466,1079,Hegde Logistics,Delhi,starter,1,499.00,89.82,588.82,self-serve
2026-08-13,LDG-2026-00467,1081,Bose Caterers,Hyderabad,starter,3,1497.00,269.46,1766.46,sales
2026-08-13,LDG-2026-00468,1085,Kapoor Textiles,Bengaluru,starter,5,2495.00,449.10,2944.10,self-serve
2026-08-14,LDG-2026-00469,1011,Bose Textiles,Hyderabad,starter,1,499.00,89.82,588.82,self-serve
2026-08-14,LDG-2026-00470,1042,Sharma Traders,Delhi,growth,12,11988.00,2157.84,14145.84,sales
2026-08-15,LDG-2026-00471,1029,Verma Enterprises,Delhi,growth,12,11988.00,2157.84,14145.84,sales
2026-08-16,LDG-2026-00472,1009,Kulkarni Foods,Kolkata,starter,4,1996.00,359.28,2355.28,sales
2026-08-16,LDG-2026-00473,1054,Reddy Agro,Bengaluru,starter,5,2495.00,449.10,2944.10,self-serve
2026-08-16,LDG-2026-00474,1088,Pillai Enterprises,Ahmedabad,scale,41,81959.00,14752.62,96711.62,partner
2026-08-17,LDG-2026-00475,1010,Pillai Agro,Bengaluru,growth,19,18981.00,3416.58,22397.58,self-serve
2026-08-17,LDG-2026-00476,1019,Gupta Caterers,Mumbai,scale,30,59970.00,10794.60,70764.60,self-serve
2026-08-17,LDG-2026-00477,1080,Bose Opticals,Pune,starter,5,2495.00,449.10,2944.10,self-serve
2026-08-17,LDG-2026-00478,1084,Verma Electricals,Delhi,starter,2,998.00,179.64,1177.64,partner
2026-08-18,LDG-2026-00479,1008,Gupta Textiles,Chennai,growth,9,8991.00,1618.38,10609.38,sales
2026-08-18,LDG-2026-00480,1061,Nair Tutorials,Chennai,growth,17,16983.00,3056.94,20039.94,partner
2026-08-19,LDG-2026-00481,1013,Singh Enterprises,Bengaluru,starter,4,1996.00,359.28,2355.28,sales
2026-08-20,LDG-2026-00482,1058,Verma Tutorials,Chennai,starter,5,2495.00,449.10,2944.10,self-serve
2026-08-21,LDG-2026-00483,1034,Nair Constructions,Mumbai,starter,3,1497.00,269.46,1766.46,sales
2026-08-21,LDG-2026-00484,1060,Kulkarni Jewellers,Mumbai,scale,46,91954.00,16551.72,108505.72,partner
2026-08-21,LDG-2026-00485,1074,Patel Clinics,Delhi,starter,1,499.00,89.82,588.82,partner
2026-08-21,LDG-2026-00486,1082,Pillai Pharma,Delhi,growth,11,10989.00,1978.02,12967.02,self-serve
2026-08-22,LDG-2026-00487,1004,Singh Studios,Ahmedabad,starter,4,1996.00,359.28,2355.28,partner
2026-08-22,LDG-2026-00488,1028,Agarwal Hardware,Bengaluru,scale,15,29985.00,5397.30,35382.30,sales
2026-08-22,LDG-2026-00489,1035,Reddy Exports,Hyderabad,starter,4,1996.00,359.28,2355.28,self-serve
2026-08-22,LDG-2026-00490,1044,Verma Exports,Bengaluru,growth,14,13986.00,2517.48,16503.48,partner
2026-08-22,LDG-2026-00491,1055,Singh Pharma,Bengaluru,starter,1,499.00,89.82,588.82,sales
2026-08-22,LDG-2026-00492,1086,Chopra Motors,Kolkata,growth,12,11988.00,2157.84,14145.84,partner
2026-08-22,LDG-2026-00493,1090,Gupta Electricals,Bengaluru,starter,2,998.00,179.64,1177.64,self-serve
2026-08-23,LDG-2026-00494,1089,Pillai Caterers,Mumbai,starter,5,2495.00,449.10,2944.10,sales
2026-08-24,LDG-2026-00495,1021,Singh Tutorials,Delhi,scale,15,29985.00,5397.30,35382.30,self-serve
2026-08-24,LDG-2026-00496,1068,Reddy Caterers,Ahmedabad,starter,5,2495.00,449.10,2944.10,self-serve
2026-08-25,LDG-2026-00497,1016,Singh Motors,Hyderabad,starter,2,998.00,179.64,1177.64,partner
2026-08-25,LDG-2026-00498,1024,Joshi Tutorials,Hyderabad,growth,5,4995.00,899.10,5894.10,sales
2026-08-25,LDG-2026-00499,1033,Rao Textiles,Bengaluru,scale,13,25987.00,4677.66,30664.66,self-serve
2026-08-25,LDG-2026-00500,1065,Menon Logistics,Bengaluru,growth,14,13986.00,2517.48,16503.48,self-serve
2026-08-26,LDG-2026-00501,1012,Agarwal Exports,Chennai,starter,5,2495.00,449.10,2944.10,self-serve
2026-08-26,LDG-2026-00502,1067,Das Tutorials,Delhi,scale,33,65967.00,11874.06,77841.06,sales
2026-08-26,LDG-2026-00503,1070,Menon Hardware,Delhi,starter,3,1497.00,269.46,1766.46,self-serve
2026-08-27,LDG-2026-00504,1020,Patel Pharma,Hyderabad,growth,22,21978.00,3956.04,25934.04,self-serve
2026-08-27,LDG-2026-00505,1030,Reddy Textiles,Chennai,starter,1,499.00,89.82,588.82,self-serve
2026-08-28,LDG-2026-00506,1006,Chopra Constructions,Mumbai,starter,4,1996.00,359.28,2355.28,partner
2026-08-28,LDG-2026-00507,1007,Banerjee Opticals,Pune,starter,5,2495.00,449.10,2944.10,partner
2026-08-28,LDG-2026-00508,1014,Reddy Electricals,Pune,starter,4,1996.00,359.28,2355.28,self-serve
2026-08-28,LDG-2026-00509,1017,Joshi Agro,Bengaluru,growth,15,14985.00,2697.30,17682.30,self-serve
2026-08-28,LDG-2026-00510,1038,Sharma Motors,Chennai,growth,7,6993.00,1258.74,8251.74,self-serve
2026-08-28,LDG-2026-00511,1049,Bose Exports,Pune,starter,4,1996.00,359.28,2355.28,self-serve
2026-08-28,LDG-2026-00512,1057,Iyer Textiles,Chennai,scale,31,61969.00,11154.42,73123.42,sales
2026-08-28,LDG-2026-00513,1059,Kulkarni Pharma,Mumbai,growth,14,13986.00,2517.48,16503.48,self-serve
2026-08-28,LDG-2026-00514,1073,Das Exports,Hyderabad,starter,2,998.00,179.64,1177.64,self-serve
2026-09-01,LDG-2026-00515,1037,Saxena Hardware,Kolkata,starter,2,998.00,179.64,1177.64,self-serve
2026-09-02,LDG-2026-00516,1025,Patel Caterers,Bengaluru,scale,27,53973.00,9715.14,63688.14,self-serve
2026-09-02,LDG-2026-00517,1063,Nair Textiles,Mumbai,scale,24,47976.00,8635.68,56611.68,sales
2026-09-02,LDG-2026-00518,1083,Nair Caterers,Bengaluru,growth,8,7992.00,1438.56,9430.56,self-serve
2026-09-03,LDG-2026-00519,1064,Kulkarni Tutorials,Mumbai,growth,10,9990.00,1798.20,11788.20,self-serve
2026-09-04,LDG-2026-00520,1045,Singh Clinics,Bengaluru,starter,5,2495.00,449.10,2944.10,partner
2026-09-04,LDG-2026-00521,1046,Sharma Studios,Chennai,growth,3,2997.00,539.46,3536.46,partner
2026-09-04,LDG-2026-00522,1062,Khan Exports,Chennai,starter,1,499.00,89.82,588.82,sales
2026-09-05,LDG-2026-00523,1003,Hegde Exports,Bengaluru,growth,9,8991.00,1618.38,10609.38,sales
2026-09-05,LDG-2026-00524,1015,Menon Electricals,Bengaluru,starter,3,1497.00,269.46,1766.46,sales
2026-09-05,LDG-2026-00525,1056,Patel Enterprises,Bengaluru,growth,22,21978.00,3956.04,25934.04,self-serve
2026-09-05,LDG-2026-00526,1069,Kapoor Electricals,Delhi,growth,25,24975.00,4495.50,29470.50,sales
2026-09-05,LDG-2026-00527,1072,Nair Motors,Hyderabad,starter,3,1497.00,269.46,1766.46,partner
2026-09-05,LDG-2026-00528,1077,Bose Agro,Bengaluru,growth,25,24975.00,4495.50,29470.50,self-serve
2026-09-06,LDG-2026-00529,1001,Joshi Pharma,Delhi,growth,24,23976.00,4315.68,28291.68,sales
2026-09-06,LDG-2026-00530,1032,Verma Motors,Delhi,starter,4,1996.00,359.28,2355.28,self-serve
2026-09-06,LDG-2026-00531,1052,Agarwal Opticals,Mumbai,scale,11,21989.00,3958.02,25947.02,partner
2026-09-06,LDG-2026-00532,1053,Iyer Enterprises,Hyderabad,starter,3,1497.00,269.46,1766.46,self-serve
2026-09-06,LDG-2026-00533,1066,Das Traders,Ahmedabad,growth,8,7992.00,1438.56,9430.56,self-serve
2026-09-07,LDG-2026-00534,1047,Joshi Exports,Chennai,starter,1,499.00,89.82,588.82,partner
2026-09-08,LDG-2026-00535,1026,Chopra Jewellers,Mumbai,starter,1,499.00,89.82,588.82,self-serve
2026-09-08,LDG-2026-00536,1040,Pillai Electricals,Pune,starter,2,998.00,179.64,1177.64,sales
2026-09-08,LDG-2026-00537,1048,Kulkarni Clinics,Hyderabad,starter,2,998.00,179.64,1177.64,self-serve
2026-09-09,LDG-2026-00538,1022,Khan Tutorials,Delhi,starter,1,499.00,89.82,588.82,self-serve
2026-09-10,LDG-2026-00539,1087,Shetty Hardware,Hyderabad,starter,4,1996.00,359.28,2355.28,partner
2026-09-11,LDG-2026-00540,1078,Shetty Exports,Mumbai,scale,28,55972.00,10074.96,66046.96,self-serve
2026-09-12,LDG-2026-00541,1002,Khan Foods,Bengaluru,scale,10,19990.00,3598.20,23588.20,sales
2026-09-12,LDG-2026-00542,1023,Iyer Hardware,Bengaluru,starter,5,2495.00,449.10,2944.10,self-serve
2026-09-12,LDG-2026-00543,1027,Das Textiles,Bengaluru,growth,3,2997.00,539.46,3536.46,self-serve
2026-09-12,LDG-2026-00544,1039,Shetty Foods,Delhi,growth,21,20979.00,3776.22,24755.22,self-serve
2026-09-12,LDG-2026-00545,1043,Menon Exports,Delhi,starter,5,2495.00,449.10,2944.10,self-serve
2026-09-12,LDG-2026-00546,1051,Chopra Textiles,Bengaluru,starter,5,2495.00,449.10,2944.10,self-serve
2026-09-12,LDG-2026-00547,1075,Mehta Constructions,Bengaluru,starter,5,2495.00,449.10,2944.10,self-serve
2026-09-13,LDG-2026-00548,1005,Chopra Traders,Mumbai,starter,2,998.00,179.64,1177.64,sales
2026-09-13,LDG-2026-00549,1079,Hegde Logistics,Delhi,starter,1,499.00,89.82,588.82,self-serve
2026-09-13,LDG-2026-00550,1081,Bose Caterers,Hyderabad,starter,3,1497.00,269.46,1766.46,sales
2026-09-13,LDG-2026-00551,1085,Kapoor Textiles,Bengaluru,starter,5,2495.00,449.10,2944.10,self-serve
2026-09-14,LDG-2026-00552,1011,Bose Textiles,Hyderabad,starter,1,499.00,89.82,588.82,self-serve
2026-09-14,LDG-2026-00553,1042,Sharma Traders,Delhi,growth,12,11988.00,2157.84,14145.84,sales
2026-09-15,LDG-2026-00554,1029,Verma Enterprises,Delhi,growth,12,11988.00,2157.84,14145.84,sales
2026-09-16,LDG-2026-00555,1009,Kulkarni Foods,Kolkata,starter,4,1996.00,359.28,2355.28,sales
2026-09-16,LDG-2026-00556,1054,Reddy Agro,Bengaluru,starter,5,2495.00,449.10,2944.10,self-serve
2026-09-16,LDG-2026-00557,1088,Pillai Enterprises,Ahmedabad,scale,41,81959.00,14752.62,96711.62,partner
2026-09-17,LDG-2026-00558,1010,Pillai Agro,Bengaluru,growth,19,18981.00,3416.58,22397.58,self-serve
2026-09-17,LDG-2026-00559,1019,Gupta Caterers,Mumbai,scale,30,59970.00,10794.60,70764.60,self-serve
2026-09-17,LDG-2026-00560,1080,Bose Opticals,Pune,starter,5,2495.00,449.10,2944.10,self-serve
2026-09-17,LDG-2026-00561,1084,Verma Electricals,Delhi,starter,2,998.00,179.64,1177.64,partner
2026-09-18,LDG-2026-00562,1008,Gupta Textiles,Chennai,growth,9,8991.00,1618.38,10609.38,sales
2026-09-18,LDG-2026-00563,1061,Nair Tutorials,Chennai,growth,17,16983.00,3056.94,20039.94,partner
2026-09-19,LDG-2026-00564,1013,Singh Enterprises,Bengaluru,starter,4,1996.00,359.28,2355.28,sales
2026-09-20,LDG-2026-00565,1058,Verma Tutorials,Chennai,starter,5,2495.00,449.10,2944.10,self-serve
2026-09-21,LDG-2026-00566,1034,Nair Constructions,Mumbai,starter,3,1497.00,269.46,1766.46,sales
2026-09-21,LDG-2026-00567,1060,Kulkarni Jewellers,Mumbai,scale,46,91954.00,16551.72,108505.72,partner
2026-09-21,LDG-2026-00568,1074,Patel Clinics,Delhi,starter,1,499.00,89.82,588.82,partner
2026-09-21,LDG-2026-00569,1082,Pillai Pharma,Delhi,growth,11,10989.00,1978.02,12967.02,self-serve
2026-09-22,LDG-2026-00570,1004,Singh Studios,Ahmedabad,starter,4,1996.00,359.28,2355.28,partner
2026-09-22,LDG-2026-00571,1028,Agarwal Hardware,Bengaluru,scale,15,29985.00,5397.30,35382.30,sales
2026-09-22,LDG-2026-00572,1035,Reddy Exports,Hyderabad,starter,4,1996.00,359.28,2355.28,self-serve
2026-09-22,LDG-2026-00573,1044,Verma Exports,Bengaluru,growth,14,13986.00,2517.48,16503.48,partner
2026-09-22,LDG-2026-00574,1055,Singh Pharma,Bengaluru,starter,1,499.00,89.82,588.82,sales
2026-09-22,LDG-2026-00575,1071,Hegde Hardware,Mumbai,growth,5,4995.00,899.10,5894.10,sales
2026-09-22,LDG-2026-00576,1086,Chopra Motors,Kolkata,growth,12,11988.00,2157.84,14145.84,partner
2026-09-22,LDG-2026-00577,1090,Gupta Electricals,Bengaluru,starter,2,998.00,179.64,1177.64,self-serve
2026-09-23,LDG-2026-00578,1089,Pillai Caterers,Mumbai,starter,5,2495.00,449.10,2944.10,sales
2026-09-24,LDG-2026-00579,1021,Singh Tutorials,Delhi,scale,15,29985.00,5397.30,35382.30,self-serve
2026-09-24,LDG-2026-00580,1068,Reddy Caterers,Ahmedabad,starter,5,2495.00,449.10,2944.10,self-serve
